{
    "greetings": {
        "patterns": ["oi", "olá", "bom dia", "boa tarde", "boa noite", "tudo bem"],
        "responses": [
            "Olá! Como posso ajudar você hoje?",
            "Oi! Em que posso ser útil?"
        ],
        "tags": ["saudação"]
    },
    "about": {
        "patterns": ["quem é você", "o que você faz", "sobre você", "como funciona"],
        "responses": [
            "Sou um assistente virtual pronto para ajudar com informações sobre nossos produtos e serviços!"
        ],
        "tags": ["informação"]
    },
    "price_request": {
        "patterns": ["preço", "quanto custa", "valor", "preços", "planos"],
        "responses": [
            "Temos opções a partir de R$99,90. Posso enviar nosso catálogo completo?",
            "Nossos valores variam de acordo com o plano escolhido. Gostaria de receber mais informações?"
        ],
        "tags": ["interesse", "preço"]
    },
    "contact": {
        "patterns": ["falar com atendente", "atendimento humano", "pessoa real", "consultor"],
        "responses": [
            "Certo! Vou encaminhar você para um de nossos atendentes. Por favor, aguarde um momento."
        ],
        "tags": ["atendimento"]
    },
    "thanks": {
        "patterns": ["obrigado", "obrigada", "grato", "valeu", "agradeço"],
        "responses": [
            "Por nada! Estou aqui para ajudar.",
            "Disponha! Se precisar de mais alguma coisa, é só chamar."
        ],
        "tags": ["satisfação"]
    },
    "fallback": {
        "patterns": [],
        "responses": [
            "Desculpe, não entendi. Poderia reformular sua pergunta?",
            "Não compreendi sua mensagem. Poderia explicar de outra forma?"
        ],
        "tags": ["confusão"]
    }
}
